mean_diff,ci_low,ci_high,n_days,n_bootstrap
827.8590430155796,620.2863348263188,1054.8324627353365,29,1000
