model,accuracy,macro_f1,weighted_f1,mcc,balanced_accuracy,n_rows
sgd,0.5589236233088135,0.46519389363938224,0.5352928708538465,0.2363343627718826,0.4637370420120062,33550262
