model,accuracy,macro_f1,weighted_f1,mcc,balanced_accuracy,n_rows
xgboost_gpu,0.7033018783804462,0.44403136870829557,0.6498561684389089,0.24490666937234054,0.4310981610105877,13906448
