model,accuracy,macro_f1,weighted_f1,mcc,balanced_accuracy,n_rows
sgd_eth_stage3,0.4361108368887195,0.43115253176757456,0.4330666486702739,0.1497204247140906,0.43205050780520615,22882887
