mean_diff,ci_low,ci_high,n_days,n_bootstrap
8476.982223116858,7948.037183761869,8997.05136310488,65,1000
