rows,days,median_snapshot_interval_ms,mean_spread,mean_depth_top10
13235742,60,399.99974399999996,0.0362052829315265,11.602385640144348
