mode,model,split,rows,accuracy,macro_f1,balanced_accuracy,mcc
synthetic,sgd_small,test,1176,0.6173469387755102,0.4376996035653355,0.45905249573290047,0.17660593258341992
synthetic,sgd_small,train,2250,0.6733333333333333,0.5881834392938997,0.5795221599807682,0.3781937123109618
synthetic,sgd_small,valid,1074,0.6731843575418994,0.6333666086479239,0.6146941163058514,0.43958111007740547
