policy,n_trades,gross_pnl,fees,net_pnl,net_per_trade,n_days
cost_aware,65,18.000903149842497,12.99272846431539,5.008174685527105,0.07704884131580161,1
