policy,n_trades,gross_pnl,fees,net_pnl,net_per_trade,n_days
cost_aware,42,-1.609425398346315,8.396202323107993,-10.005627721454307,-0.23822923146319777,1
