policy,n_trades,gross_pnl,fees,net_pnl,net_per_trade,n_days
cost_aware,60,3.4417589706348295,59.96932900169786,-56.52757003106303,-0.9421261671843838,1
