policy,n_trades,gross_pnl,fees,net_pnl,net_per_trade,n_days
cost_aware,60,-11.831636315100573,11.994045043462032,-23.82568135856261,-0.3970946893093768,1
