policy,n_trades,gross_pnl,fees,net_pnl,net_per_trade,n_days
cost_aware,60,3.4417589706348295,119.93865800339572,-116.49689903276091,-1.9416149838793484,1
