policy,n_trades,gross_pnl,fees,net_pnl,net_per_trade,n_days
cost_aware,60,3.4417589706348295,11.993865800339574,-8.552106829704742,-0.14253511382841239,1
