policy,n_trades,gross_pnl,fees,net_pnl,net_per_trade,n_days
cost_aware,60,3.4417589706348295,0.0,3.4417589706348295,0.05736264951058049,1
