policy,n_trades,gross_pnl,fees,net_pnl,net_per_trade,n_days
cost_aware,60,3.4417589706348295,23.987731600679147,-20.545972630044314,-0.3424328771674052,1
