policy,n_trades,gross_pnl,fees,net_pnl,net_per_trade,n_days
cost_aware,60,-27.105031600836604,11.994224286584496,-39.09925588742111,-0.6516542647903518,1
