policy,n_trades,gross_pnl,fees,net_pnl,net_per_trade,n_days
cost_aware,30,-3.250852171699321,5.997763302280262,-9.248615473979584,-0.30828718246598613,1
