policy,n_trades,gross_pnl,fees,net_pnl,net_per_trade,n_days
rsep,96,-18.51048612110022,19.193578475233508,-37.70406459633372,-0.39275067287847626,1
