mean_diff,ci_low,ci_high
491.30962058762185,214.65184265711892,794.0185469035376
