model,accuracy,macro_f1,weighted_f1,mcc,balanced_accuracy,n_rows
sgd,0.5939525653922971,0.4983262338384842,0.5691507062689488,0.30255557211259004,0.49540591266363504,2647139
