rows,days,median_snapshot_interval_ms,mean_spread,mean_depth_top10
167753156,366,100.000256,0.02827245537695047,9.906424603591095
