month,unknown_share
2024-01,0.11853039773438193
2024-02,0.13074888509302204
